Source;Target;Weight
1;28;0.0453826095454
1;511;0.0619681000402
1;512;0.0651227315343
1;513;0.0356120691954
28;45;0.1833415700057
28;518;0.1075998807405
28;554;0.1057527319799
28;555;0.0632510561025
28;556;0.1053797421561
45;54;0.0545636953615
45;518;0.1294831067409
45;15;0.0381389706402
45;44;0.0106552987973
